{"cameraMode":{"drawMode":0,"name":"Shaded","section":"Shading Mode"},"sceneLighting":true,"audioPlay":false,"sceneViewState":{"showFog":true,"showMaterialUpdate":false,"showSkybox":true,"showFlares":true,"showImageEffects":true,"showParticleSystems":true},"in2DMode":false,"pivot":{"x":-25.4643497467041,"y":-32.454063415527347,"z":-48.1370849609375},"rotation":{"x":-0.01619970239698887,"y":0.9653097987174988,"z":-0.2531791627407074,"w":-0.06176511198282242},"size":253.66653442382813,"orthographic":false}