{"cameraMode":{"drawMode":0,"name":"Shaded","section":"Shading Mode"},"sceneLighting":true,"audioPlay":false,"sceneViewState":{"showFog":true,"showMaterialUpdate":false,"showSkybox":true,"showFlares":true,"showImageEffects":true,"showParticleSystems":true},"in2DMode":false,"pivot":{"x":55.995849609375,"y":33.95509338378906,"z":6.652996063232422},"rotation":{"x":-0.19600659608840943,"y":0.717327892780304,"z":-0.22307510673999787,"w":-0.630285382270813},"size":160.46376037597657,"orthographic":false}