{"cameraMode":{"drawMode":0,"name":"Shaded","section":"Shading Mode"},"sceneLighting":true,"audioPlay":false,"sceneViewState":{"showFog":true,"showMaterialUpdate":false,"showSkybox":true,"showFlares":true,"showImageEffects":true,"showParticleSystems":true},"in2DMode":false,"pivot":{"x":-140.02879333496095,"y":-25.431955337524415,"z":28.37466049194336},"rotation":{"x":-0.1320326030254364,"y":0.8273764252662659,"z":-0.21832925081253053,"w":-0.500347912311554},"size":153.39450073242188,"orthographic":false}