{"cameraMode":{"drawMode":0,"name":"Shaded","section":"Shading Mode"},"sceneLighting":true,"audioPlay":false,"sceneViewState":{"showFog":true,"showMaterialUpdate":false,"showSkybox":true,"showFlares":true,"showImageEffects":true,"showParticleSystems":true},"in2DMode":false,"pivot":{"x":-4.900440692901611,"y":-28.607223510742189,"z":-28.14550018310547},"rotation":{"x":-0.013489814475178719,"y":0.9403263926506043,"z":-0.3379281163215637,"w":-0.03753674030303955},"size":206.12432861328126,"orthographic":false}